{"00_MambaIRv2LightModel": {"valid_runtime": [3264.973388671875, 483.7677001953125, 537.3328857421875, 432.3747863769531, 565.5844116210938, 520.7361450195312, 441.0006103515625, 521.4613647460938, 499.08294677734375, 567.0380859375, 500.7794189453125, 544.937744140625, 527.0365600585938, 492.5233154296875, 496.3328552246094, 499.17742919921875, 539.4041137695312, 548.09228515625, 502.4629821777344, 499.2781982421875, 497.2786560058594, 563.1911010742188, 484.3927001953125, 495.00390625, 499.2176208496094, 542.4939575195312, 543.1978149414062, 500.7301940917969, 498.1582946777344, 299.664306640625, 512.5402221679688, 530.1934204101562, 556.1997680664062, 494.0570068359375, 585.5104370117188, 571.0565795898438, 500.9296875, 496.86468505859375, 497.0962829589844, 493.9338684082031, 525.55224609375, 492.0093688964844, 508.5825500488281, 526.7413940429688, 503.03131103515625, 530.9278564453125, 495.5155944824219, 535.7827758789062, 502.6127624511719, 520.5347900390625, 504.9645080566406, 423.26123046875, 520.2730712890625, 390.6482849121094, 751.997314453125, 530.9521484375, 517.1053466796875, 494.7483215332031, 495.1793518066406, 538.958984375, 496.974365234375, 486.7144470214844, 545.1492919921875, 507.2342529296875, 536.4249877929688, 500.1114807128906, 496.1838684082031, 527.6063842773438, 529.093994140625, 588.5325317382812, 501.1562194824219, 527.08251953125, 521.7836303710938, 516.6292724609375, 548.5731811523438, 502.605712890625, 441.24658203125, 625.6543579101562, 689.4675903320312, 506.9128112792969, 452.8632507324219, 496.98028564453125, 492.6592712402344, 497.8352966308594, 499.6950378417969, 529.9010009765625, 521.712646484375, 501.23150634765625, 492.7552490234375, 498.3944396972656, 630.4344482421875, 484.344482421875, 491.5694274902344, 521.837646484375, 498.70574951171875, 490.7350769042969, 523.726806640625, 497.3682861328125, 496.135009765625, 410.2353515625], "valid_psnr": [31.177229847333003, 37.53883122395496, 43.29619751401598, 29.334780173458782, 29.955296080269104, 30.87338501254051, 21.884560930600436, 28.3485824811713, 33.86690925152541, 28.151909935891204, 30.37496272837863, 29.604713808612008, 33.04678428227258, 30.488647452426456, 36.75301249769224, 33.22909929134401, 34.182060158129055, 30.71497564090283, 29.85983589281762, 26.973878675383407, 34.329003690998135, 32.368529219232514, 27.69521179126968, 30.278650632356943, 29.159350766317882, 25.816115531016557, 35.24018214511329, 26.208119954197898, 27.943650671462088, 26.357791361005095, 32.63088048094177, 32.9921826577748, 36.091029180486785, 27.018885116296318, 24.43252404415319, 27.800732156722354, 27.95699033389195, 39.49623790888951, 30.471173641557208, 30.086716010530573, 30.047474808587083, 31.47171090501931, 43.699761428039274, 47.70299159133563, 27.464048878184705, 28.478361163913437, 29.75517278268405, 28.853103535625756, 24.106801840913153, 30.853453955493034, 30.16148490950031, 31.290347374227288, 36.64300548808075, 26.433520635270845, 30.91973483585328, 27.7509879469946, 36.448303713660025, 29.92628379001787, 27.005404452126594, 22.06998277708405, 24.711134301225766, 34.60696112355154, 34.68642289212786, 31.42363131851762, 28.793033872069383, 26.720482151451385, 30.118163497346497, 34.47049241346733, 25.254006564739967, 30.211659591548816, 34.14001536626575, 25.485322441220823, 25.738123904549614, 31.757697516467584, 25.82869039741835, 23.411783438785918, 42.40682770420433, 34.023295010398606, 29.082862051816598, 33.748465706774915, 27.646090047825176, 35.95631563403225, 28.465922082943578, 28.335750998205466, 24.8647993925522, 38.819666982798616, 26.387944379180368, 32.3834339550223, 33.02520249168086, 26.68145987199681, 28.883949802371855, 33.25077465797121, 34.97833614766508, 33.51987524901154, 21.845487207984924, 41.44532905371858, 23.508037751180865, 36.54648979671784, 33.6801912294865, 30.00185085424092], "valid_memory": 3135.861328125, "valid_ave_runtime": 540.7872470092774, "valid_ave_psnr": 30.819575258360793, "flops": 700.927967232, "num_parameters": 0.78968}}