{"00_MambaIRv2LightModel": {"valid_runtime": [1387.9747314453125, 485.6859436035156, 534.4583129882812, 436.3360900878906, 564.018310546875, 516.802734375, 415.25299072265625, 493.6830139160156, 500.4110412597656, 542.7140502929688, 501.4737548828125, 542.9008178710938, 525.0223388671875, 493.3963317871094, 500.4178771972656, 499.2669372558594, 543.2840576171875, 545.260498046875, 496.4704284667969, 493.9344177246094, 495.9063720703125, 564.1122436523438, 483.1899108886719, 496.7624816894531, 496.9776306152344, 540.2864379882812, 547.1566162109375, 501.2695617675781, 498.8460388183594, 318.7276306152344, 477.9118347167969, 524.279052734375, 559.236572265625, 500.1790771484375, 609.5469970703125, 542.59130859375, 497.24249267578125, 519.7745361328125, 493.8544006347656, 525.5250854492188, 494.3567810058594, 492.4114990234375, 495.6769714355469, 500.0648498535156, 499.9003601074219, 499.8908386230469, 504.8523864746094, 567.0767211914062, 498.5146789550781, 497.34783935546875, 472.7938537597656, 406.0375671386719, 489.7008972167969, 385.6519775390625, 721.3082275390625, 514.1707153320312, 521.3433837890625, 501.23931884765625, 496.3299560546875, 542.8628540039062, 500.8794860839844, 525.2888793945312, 545.4078979492188, 499.259033203125, 553.97802734375, 511.4444580078125, 500.79901123046875, 499.6114196777344, 497.3394470214844, 574.6336059570312, 500.59307861328125, 497.8224792480469, 494.34954833984375, 522.25439453125, 542.3719482421875, 500.8091735839844, 407.8673400878906, 653.9769897460938, 695.3884887695312, 507.77557373046875, 455.2191162109375, 497.2629089355469, 502.19775390625, 492.4302978515625, 527.1038818359375, 526.2005004882812, 498.70489501953125, 529.3263549804688, 495.3179931640625, 497.19073486328125, 611.2909545898438, 476.349853515625, 496.958251953125, 501.20452880859375, 472.5599365234375, 511.0270690917969, 498.0635986328125, 523.526123046875, 528.1270751953125, 443.5292053222656], "valid_psnr": [31.17373503333193, 37.530722321645456, 43.292018755090766, 29.32312059064152, 29.929993174177028, 30.842153755966013, 21.864457333409305, 28.342819633934198, 33.8590213029328, 28.145138447896567, 30.35517827782477, 29.59168475103005, 33.01854368801302, 30.456234921154884, 36.74384613207656, 33.21069068010565, 34.175213942687186, 30.726932378942582, 29.85225717579226, 26.927635748055387, 34.44856207355171, 32.36912157142898, 27.68600767622797, 30.28553699880637, 29.148193295299365, 25.798095296626904, 35.29639785053557, 26.195706574254167, 27.93310103927485, 26.360635278370598, 32.577557955524256, 32.94481712272195, 36.04137362637167, 27.00106124858912, 24.417396989621807, 27.781307744760163, 27.95243979264893, 39.488011992411025, 30.46933125730101, 30.08144839858805, 30.03617321101451, 31.45918026140518, 43.773257824104014, 47.64258410040923, 27.489308485485648, 28.407113996325588, 29.75803651312905, 28.86512655622918, 24.04824139320079, 30.87794517936114, 30.129625528711795, 31.26615781579917, 36.625768499988546, 26.404073600174097, 30.918172167958858, 27.724978266310508, 36.445586979091324, 29.919361331356455, 26.97675034929547, 22.053604216483883, 24.67386469635842, 34.604978867051486, 34.67503138316469, 31.43105662464544, 28.803152421147196, 26.717285654763163, 30.072340693302912, 34.44343336226343, 25.234556230409208, 30.216249021996475, 34.140865009630986, 25.473089463291977, 25.7289933287985, 31.74507110921654, 25.805521491419185, 23.395392345483728, 42.403677794961816, 34.01333626805298, 29.064638090776903, 33.73012820132021, 27.704780578811977, 35.95237651925456, 28.423190689634428, 28.342675335868694, 24.806064960470678, 38.813594365818275, 26.359802272180946, 32.37729718832855, 33.00518765543447, 26.6831895274364, 28.88778279680836, 33.308631234903345, 34.99303260270762, 33.49725673660747, 21.833452893369913, 41.434145045826625, 23.475135419189073, 36.51894933745279, 33.75820434950806, 29.943850384042605], "valid_memory": 3135.861328125, "valid_ave_runtime": 519.2911395263671, "valid_ave_psnr": 30.80949810055166, "flops": 700.927967232, "num_parameters": 0.78968}}